<?xml version="1.0"?>
<!--<!DOCTYPE metadata SYSTEM "http://www.esri.com/metadata/esriprof80.dtd">-->
<metadata xml:lang="en"><Esri><CreaDate>20100924</CreaDate><CreaTime>16045600</CreaTime><SyncOnce>TRUE</SyncOnce><MetaID>{D0D707C2-815F-4038-AA2E-581A395B30A6}</MetaID></Esri><idinfo><citation><citeinfo><onlink Sync="TRUE">\\IGSAAAHMWSW161\C$\falcone\hydrologic-alterations\nhdplus\nhdplus17\reg17line_cvr</onlink></citeinfo></citation></idinfo><distInfo><distributor><distorTran><onLineSrc><linkage Sync="TRUE">file://\\IGSAAAHMWSW161\C$\falcone\hydrologic-alterations\nhdplus\nhdplus17\reg17line_cvr</linkage><protocol Sync="TRUE">Local Area Network</protocol></onLineSrc></distorTran></distributor></distInfo><dataqual><lineage><procstep><procdesc Sync="TRUE">Dataset copied.</procdesc><srcused Sync="TRUE">c:\falcone\hydrologic-alterations\nhdplus\nhdplus17\hydrography\reg17line_cvr</srcused><date Sync="TRUE">20060616</date><time Sync="TRUE">09431500</time></procstep><procstep><procdesc Sync="TRUE">Dataset copied.</procdesc><srcused Sync="TRUE">c:\falcone\hydrologic-alterations\nhdplus\nhdplus17\reg17process\reg17line_cvr</srcused><date Sync="TRUE">20060626</date><time Sync="TRUE">09052900</time></procstep><procstep><procdesc Sync="TRUE">Dataset copied.</procdesc><srcused Sync="TRUE"></srcused><procdate Sync="TRUE">20100924</procdate><proctime Sync="TRUE">16045600</proctime></procstep></lineage></dataqual></metadata>
