<?xml version="1.0"?>
<!--<!DOCTYPE metadata SYSTEM "http://www.esri.com/metadata/esriprof80.dtd">-->
<metadata xml:lang="en"><Esri><CreaDate>20100927</CreaDate><CreaTime>14025300</CreaTime><SyncOnce>TRUE</SyncOnce><MetaID>{00FEE73A-36BA-4814-89C1-D7D44C28604A}</MetaID></Esri><idinfo><citation><citeinfo><onlink Sync="TRUE">\\IGSAAAHMWSW161\C$\falcone\hydrologic-alterations\nhdplus\nhdplus07\reg07line_cvr</onlink></citeinfo></citation></idinfo><distInfo><distributor><distorTran><onLineSrc><linkage Sync="TRUE">file://\\IGSAAAHMWSW161\C$\falcone\hydrologic-alterations\nhdplus\nhdplus07\reg07line_cvr</linkage><protocol Sync="TRUE">Local Area Network</protocol></onLineSrc></distorTran></distributor></distInfo><dataqual><lineage><procstep><procdesc Sync="TRUE">Dataset copied.</procdesc><srcused Sync="TRUE">c:\falcone\hydrologic-alterations\nhdplus\nhdplus07\reg07process\reg07line_cvr</srcused><date Sync="TRUE">20060626</date><time Sync="TRUE">08515600</time></procstep><procstep><procdesc Sync="TRUE">Dataset copied.</procdesc><srcused Sync="TRUE"></srcused><procdate Sync="TRUE">20100927</procdate><proctime Sync="TRUE">14025300</proctime></procstep></lineage></dataqual></metadata>
