<?xml version="1.0"?>
<!--<!DOCTYPE metadata SYSTEM "http://www.esri.com/metadata/esriprof80.dtd">-->
<metadata xml:lang="en"><Esri><CreaDate>20101207</CreaDate><CreaTime>12110500</CreaTime><SyncOnce>TRUE</SyncOnce><MetaID>{5F0C5E26-0D87-44A4-B8BB-8B1036B53B9B}</MetaID></Esri><dataqual><lineage><procstep><procdesc Sync="TRUE">Dataset copied.</procdesc><srcused Sync="TRUE">c:\falcone\hydro-alter\09update-to-gages\aa-corrected-mainstems-nov2010\mn06341400</srcused><procdate Sync="TRUE">20101207</procdate><proctime Sync="TRUE">12110500</proctime></procstep></lineage></dataqual></metadata>
