<?xml version="1.0"?>
<!--<!DOCTYPE metadata SYSTEM "http://www.esri.com/metadata/esriprof80.dtd">-->
<metadata xml:lang="en"><Esri><CreaDate>20080716</CreaDate><CreaTime>10592900</CreaTime><SyncOnce>TRUE</SyncOnce><MetaID>{C9E29F0B-BA65-4116-858A-4DE96C8193BC}</MetaID></Esri><idinfo><citation><citeinfo><onlink Sync="TRUE">\\IGSAAAHMWSW161\C$\falcone\hydrologic-alterations\mikew-basins-apr07\newhuc06\mn03526000</onlink></citeinfo></citation></idinfo><distInfo><distributor><distorTran><onLineSrc><linkage Sync="TRUE">file://\\IGSAAAHMWSW161\C$\falcone\hydrologic-alterations\mikew-basins-apr07\newhuc06\mn03526000</linkage><protocol Sync="TRUE">Local Area Network</protocol></onLineSrc></distorTran></distributor></distInfo><dataqual><lineage><procstep><procdesc Sync="TRUE">Dataset copied.</procdesc><srcused Sync="TRUE">d:\swancg\newproc\tenn\mn03526000</srcused><date Sync="TRUE">20080716</date><time Sync="TRUE">10592900</time></procstep></lineage></dataqual></metadata>
