<?xml version="1.0"?>
<!--<!DOCTYPE metadata SYSTEM "http://www.esri.com/metadata/esriprof80.dtd">-->
<metadata xml:lang="en"><Esri><CreaDate>20080920</CreaDate><CreaTime>15120100</CreaTime><SyncOnce>TRUE</SyncOnce><MetaID>{A677EF0E-162D-4636-BD19-A1C22DE5E73A}</MetaID></Esri><idinfo><citation><citeinfo><onlink Sync="TRUE">\\IGSAAAHMWSW161\C$\falcone\hydrologic-alterations\mikew-basins-apr07\newhuc12\mn08030500</onlink></citeinfo></citation></idinfo><distInfo><distributor><distorTran><onLineSrc><linkage Sync="TRUE">file://\\IGSAAAHMWSW161\C$\falcone\hydrologic-alterations\mikew-basins-apr07\newhuc12\mn08030500</linkage><protocol Sync="TRUE">Local Area Network</protocol></onLineSrc></distorTran></distributor></distInfo><dataqual><lineage><procstep><procdesc Sync="TRUE">Dataset copied.</procdesc><srcused Sync="TRUE">c:\falcone\hydrologic-alterations\mikew-basins-apr07\savefornow-newhuc12\mn08030500</srcused><date Sync="TRUE">20080920</date><time Sync="TRUE">15120100</time></procstep></lineage></dataqual></metadata>
