<?xml version="1.0"?>
<!--<!DOCTYPE metadata SYSTEM "http://www.esri.com/metadata/esriprof80.dtd">-->
<metadata xml:lang="en"><Esri><CreaDate>20080818</CreaDate><CreaTime>14403000</CreaTime><SyncOnce>TRUE</SyncOnce><MetaID>{2E87E9BC-5502-44FE-9022-C2DE806CDA23}</MetaID></Esri><idinfo><citation><citeinfo><onlink Sync="TRUE"></onlink></citeinfo></citation></idinfo><distInfo><distributor><distorTran><onLineSrc><linkage Sync="TRUE">file://</linkage><protocol Sync="TRUE">Local Area Network</protocol></onLineSrc></distorTran></distributor></distInfo><dataqual><lineage><procstep><procdesc Sync="TRUE">Dataset copied.</procdesc><srcused Sync="TRUE">c:\falcone\junkcopydir\nhdplus14\re14line_cvr</srcused><date Sync="TRUE">20060808</date><time Sync="TRUE">10384900</time></procstep><procstep><procdesc Sync="TRUE">Dataset copied.</procdesc><srcused Sync="TRUE"></srcused><date Sync="TRUE">20080818</date><time Sync="TRUE">14403000</time></procstep></lineage></dataqual></metadata>
