<?xml version="1.0"?>
<!--<!DOCTYPE metadata SYSTEM "http://www.esri.com/metadata/esriprof80.dtd">-->
<metadata xml:lang="en"><Esri><CreaDate>20070507</CreaDate><CreaTime>16184200</CreaTime><SyncOnce>TRUE</SyncOnce><MetaID>{C32EAF64-00BC-4FF1-A1FF-A589AB0C0099}</MetaID></Esri><idinfo><citation><citeinfo><onlink Sync="TRUE"></onlink></citeinfo></citation></idinfo><distInfo><distributor><distorTran><onLineSrc><linkage Sync="TRUE">file://</linkage><protocol Sync="TRUE">Local Area Network</protocol></onLineSrc></distorTran></distributor></distInfo><dataqual><lineage><procstep><procdesc Sync="TRUE">Dataset copied.</procdesc><srcused Sync="TRUE">c:\falcone\junkcopydir\nhdplus14\re14line_cvr</srcused><date Sync="TRUE">20060808</date><time Sync="TRUE">10384900</time></procstep><procstep><procdesc Sync="TRUE">Dataset copied.</procdesc><srcused Sync="TRUE"></srcused><date Sync="TRUE">20070507</date><time Sync="TRUE">16184200</time></procstep></lineage></dataqual></metadata>
