<?xml version="1.0"?>
<!--<!DOCTYPE metadata SYSTEM "http://www.esri.com/metadata/esriprof80.dtd">-->
<metadata xml:lang="en"><Esri><CreaDate>20100902</CreaDate><CreaTime>12094700</CreaTime><SyncOnce>TRUE</SyncOnce><MetaID>{B3A7BEC5-233C-4266-842E-4DD93892A1E4}</MetaID></Esri><dataqual><lineage><procstep><procdesc Sync="TRUE">Dataset copied.</procdesc><srcused Sync="TRUE">z:\transfer_hub\chill\project_9_hucs\hucs\huc08\mainhuc08\mn07378500</srcused><procdate Sync="TRUE">20100902</procdate><proctime Sync="TRUE">12094700</proctime></procstep></lineage></dataqual></metadata>
