<?xml version="1.0"?>
<!--<!DOCTYPE metadata SYSTEM "http://www.esri.com/metadata/esriprof80.dtd">-->
<metadata xml:lang="en"><Esri><CreaDate>20100831</CreaDate><CreaTime>18144000</CreaTime><SyncOnce>TRUE</SyncOnce><MetaID>{2032DAA3-5D97-4BCE-A288-66C1AEC5F316}</MetaID></Esri><idinfo><citation><citeinfo><onlink Sync="TRUE"></onlink></citeinfo></citation></idinfo><distInfo><distributor><distorTran><onLineSrc><linkage Sync="TRUE">file://</linkage><protocol Sync="TRUE">Local Area Network</protocol></onLineSrc></distorTran></distributor></distInfo><dataqual><lineage><procstep><procdesc Sync="TRUE">Dataset copied.</procdesc><srcused Sync="TRUE">c:\falcone\junkcopydir\nhdplus15\re15line_cvr</srcused><date Sync="TRUE">20060808</date><time Sync="TRUE">11082900</time></procstep><procstep><procdesc Sync="TRUE">Dataset copied.</procdesc><srcused Sync="TRUE"></srcused><date Sync="TRUE">20100831</date><time Sync="TRUE">18144000</time></procstep></lineage></dataqual></metadata>
