<?xml version="1.0"?>
<!--<!DOCTYPE metadata SYSTEM "http://www.esri.com/metadata/esriprof80.dtd">-->
<metadata xml:lang="en"><Esri><CreaDate>20100902</CreaDate><CreaTime>12114400</CreaTime><SyncOnce>TRUE</SyncOnce><MetaID>{2517A574-9824-4075-B4F4-40CEC634ACA4}</MetaID></Esri><dataqual><lineage><procstep><procdesc Sync="TRUE">Dataset copied.</procdesc><srcused Sync="TRUE">z:\transfer_hub\chill\project_9_hucs\hucs\huc10l\mainhuc10l\mn06836500</srcused><procdate Sync="TRUE">20100902</procdate><proctime Sync="TRUE">12114400</proctime></procstep></lineage></dataqual></metadata>
