<?xml version="1.0"?>
<!--<!DOCTYPE metadata SYSTEM "http://www.esri.com/metadata/esriprof80.dtd">-->
<metadata xml:lang="en"><Esri><CreaDate>20070511</CreaDate><CreaTime>17124600</CreaTime><SyncOnce>TRUE</SyncOnce><MetaID>{3E7F2DBF-B0EE-495C-81D0-0DF02F0CAA56}</MetaID></Esri><idinfo><citation><citeinfo><onlink Sync="TRUE">\\IGSAAAHMWSW161\C$\falcone\hydrologic-alterations\mikew-basins-apr07\mainhuc01\mn01049500</onlink></citeinfo></citation></idinfo><distInfo><distributor><distorTran><onLineSrc><linkage Sync="TRUE">file://\\IGSAAAHMWSW161\C$\falcone\hydrologic-alterations\mikew-basins-apr07\mainhuc01\mn01049500</linkage><protocol Sync="TRUE">Local Area Network</protocol></onLineSrc></distorTran></distributor></distInfo><dataqual><lineage><procstep><procdesc Sync="TRUE">Dataset copied.</procdesc><srcused Sync="TRUE">c:\falcone\hydrologic-alterations\mikew-basins-apr07\huc01\mn01049500</srcused><date Sync="TRUE">20070511</date><time Sync="TRUE">17124600</time></procstep></lineage></dataqual></metadata>
