<?xml version="1.0"?>
<!--<!DOCTYPE metadata SYSTEM "http://www.esri.com/metadata/esriprof80.dtd">-->
<metadata xml:lang="en"><Esri><CreaDate>20080818</CreaDate><CreaTime>13420300</CreaTime><SyncOnce>TRUE</SyncOnce><MetaID>{BFEEBBE3-6B64-41EC-8AFE-2E87549A2FCD}</MetaID></Esri><idinfo><citation><citeinfo><onlink Sync="TRUE"></onlink></citeinfo></citation></idinfo><distInfo><distributor><distorTran><onLineSrc><linkage Sync="TRUE">file://</linkage><protocol Sync="TRUE">Local Area Network</protocol></onLineSrc></distorTran></distributor></distInfo><dataqual><lineage><procstep><procdesc Sync="TRUE">Dataset copied.</procdesc><srcused Sync="TRUE">c:\falcone\junkcopydir\nhdplus14\re14line_cvr</srcused><date Sync="TRUE">20060808</date><time Sync="TRUE">10384900</time></procstep><procstep><procdesc Sync="TRUE">Dataset copied.</procdesc><srcused Sync="TRUE"></srcused><date Sync="TRUE">20080818</date><time Sync="TRUE">13420300</time></procstep></lineage></dataqual></metadata>
