<?xml version="1.0"?>
<!--<!DOCTYPE metadata SYSTEM "http://www.esri.com/metadata/esriprof80.dtd">-->
<metadata xml:lang="en"><Esri><CreaDate>20070628</CreaDate><CreaTime>15390600</CreaTime><SyncOnce>TRUE</SyncOnce><MetaID>{99D3B319-3F07-4A74-8BB4-E331704A60AB}</MetaID></Esri><idinfo><citation><citeinfo><onlink Sync="TRUE">\\IGSAAAHMWSW161\C$\falcone\hydrologic-alterations\mikew-basins-apr07\mainhuc01\mn01054200</onlink></citeinfo></citation></idinfo><distInfo><distributor><distorTran><onLineSrc><linkage Sync="TRUE">file://\\IGSAAAHMWSW161\C$\falcone\hydrologic-alterations\mikew-basins-apr07\mainhuc01\mn01054200</linkage><protocol Sync="TRUE">Local Area Network</protocol></onLineSrc></distorTran></distributor></distInfo><dataqual><lineage><procstep><procdesc Sync="TRUE">Dataset copied.</procdesc><srcused Sync="TRUE">c:\falcone\hydrologic-alterations\mikew-basins-apr07\kelly_new_suspect_mains\huc01\mn01054200</srcused><date Sync="TRUE">20070628</date><time Sync="TRUE">15390600</time></procstep></lineage></dataqual></metadata>
