<?xml version="1.0"?>
<!--<!DOCTYPE metadata SYSTEM "http://www.esri.com/metadata/esriprof80.dtd">-->
<metadata xml:lang="en"><Esri><CreaDate>20100203</CreaDate><CreaTime>14383500</CreaTime><SyncOnce>TRUE</SyncOnce><MetaID>{4252DF6D-175F-4301-8CB5-456963FAB98F}</MetaID></Esri><idinfo><citation><citeinfo><onlink Sync="TRUE">\\IGSAAAHMWSW161\C$\falcone\hydro-alter\09update-to-gages\basins_1979\wi\mn04085132</onlink></citeinfo></citation></idinfo><distInfo><distributor><distorTran><onLineSrc><linkage Sync="TRUE">file://\\IGSAAAHMWSW161\C$\falcone\hydro-alter\09update-to-gages\basins_1979\wi\mn04085132</linkage><protocol Sync="TRUE">Local Area Network</protocol></onLineSrc></distorTran></distributor></distInfo><dataqual><lineage><procstep><procdesc Sync="TRUE">Dataset copied.</procdesc><srcused Sync="TRUE">d:\swancg\newproc\wmic\mn04085132</srcused><date Sync="TRUE">20100203</date><time Sync="TRUE">14383500</time></procstep></lineage></dataqual></metadata>
