<?xml version="1.0"?>
<!--<!DOCTYPE metadata SYSTEM "http://www.esri.com/metadata/esriprof80.dtd">-->
<metadata xml:lang="en"><Esri><CreaDate>20080808</CreaDate><CreaTime>14254500</CreaTime><SyncOnce>TRUE</SyncOnce><MetaID>{9F052A17-5EF8-4B2A-ADB6-3799B223D5B9}</MetaID></Esri><idinfo><citation><citeinfo><onlink Sync="TRUE"></onlink></citeinfo></citation></idinfo><distInfo><distributor><distorTran><onLineSrc><linkage Sync="TRUE">file://</linkage><protocol Sync="TRUE">Local Area Network</protocol></onLineSrc></distorTran></distributor></distInfo><dataqual><lineage><procstep><procdesc Sync="TRUE">Dataset copied.</procdesc><srcused Sync="TRUE">C:\weber_summer_08\Mainstem_Check\lisa-july08\newHUC04\Export_Output</srcused><date Sync="TRUE">20080808</date><time Sync="TRUE">14182000</time></procstep><procstep><procdesc Sync="TRUE">Dataset copied.</procdesc><srcused Sync="TRUE"></srcused><date Sync="TRUE">20080808</date><time Sync="TRUE">14254500</time></procstep></lineage></dataqual></metadata>
