<?xml version="1.0"?>
<!--<!DOCTYPE metadata SYSTEM "http://www.esri.com/metadata/esriprof80.dtd">-->
<metadata xml:lang="en"><Esri><CreaDate>20080919</CreaDate><CreaTime>11165900</CreaTime><SyncOnce>TRUE</SyncOnce><MetaID>{F3E7198A-E20B-47A5-BB23-1072FD6FA4DC}</MetaID></Esri><idinfo><citation><citeinfo><onlink Sync="TRUE"></onlink></citeinfo></citation></idinfo><distInfo><distributor><distorTran><onLineSrc><linkage Sync="TRUE">file://</linkage><protocol Sync="TRUE">Local Area Network</protocol></onLineSrc></distorTran></distributor></distInfo><dataqual><lineage><procstep><procdesc Sync="TRUE">Dataset copied.</procdesc><srcused Sync="TRUE">d:\swancg\newproc\whmi\str03357500</srcused><date Sync="TRUE">20080716</date><time Sync="TRUE">10580400</time></procstep><procstep><procdesc Sync="TRUE">Dataset copied.</procdesc><srcused Sync="TRUE">c:\falcone\hydrologic-alterations\mikew-basins-apr07\savefornow-newhuc05\mn03357500</srcused><date Sync="TRUE">20080919</date><time Sync="TRUE">11145200</time></procstep><procstep><procdesc Sync="TRUE">Dataset copied.</procdesc><srcused Sync="TRUE"></srcused><date Sync="TRUE">20080919</date><time Sync="TRUE">11165900</time></procstep></lineage></dataqual></metadata>
