<?xml version="1.0"?>
<!--<!DOCTYPE metadata SYSTEM "http://www.esri.com/metadata/esriprof80.dtd">-->
<metadata xml:lang="en"><Esri><CreaDate>20100511</CreaDate><CreaTime>13343700</CreaTime><SyncOnce>TRUE</SyncOnce><MetaID>{84E6A08F-A02E-4060-B5F9-AB472174B9B2}</MetaID></Esri><idinfo><citation><citeinfo><onlink Sync="TRUE"></onlink></citeinfo></citation></idinfo><distInfo><distributor><distorTran><onLineSrc><linkage Sync="TRUE">file://</linkage><protocol Sync="TRUE">Local Area Network</protocol></onLineSrc></distorTran></distributor></distInfo><dataqual><lineage><procstep><procdesc Sync="TRUE">Dataset copied.</procdesc><srcused Sync="TRUE">c:\falcone\junkcopydir\nhdplus15\re15line_cvr</srcused><date Sync="TRUE">20060808</date><time Sync="TRUE">11082900</time></procstep><procstep><procdesc Sync="TRUE">Dataset copied.</procdesc><srcused Sync="TRUE"></srcused><date Sync="TRUE">20100511</date><time Sync="TRUE">13343700</time></procstep></lineage></dataqual></metadata>
