<?xml version="1.0"?>
<!--<!DOCTYPE metadata SYSTEM "http://www.esri.com/metadata/esriprof80.dtd">-->
<metadata xml:lang="en"><Esri><CreaDate>20070613</CreaDate><CreaTime>11062000</CreaTime><SyncOnce>TRUE</SyncOnce><MetaID>{8C77BC9C-4840-452F-BF0D-CB39D60D8CF3}</MetaID></Esri><idinfo><citation><citeinfo><onlink Sync="TRUE"></onlink></citeinfo></citation></idinfo><distInfo><distributor><distorTran><onLineSrc><linkage Sync="TRUE">file://</linkage><protocol Sync="TRUE">Local Area Network</protocol></onLineSrc></distorTran></distributor></distInfo><dataqual><lineage><procstep><procdesc Sync="TRUE">Dataset copied.</procdesc><srcused Sync="TRUE">c:\falcone\hydrologic-alterations\nhdplus\nhdplus07\reg07process\reg07line_cvr</srcused><date Sync="TRUE">20060626</date><time Sync="TRUE">08515600</time></procstep><procstep><procdesc Sync="TRUE">Dataset copied.</procdesc><srcused Sync="TRUE"></srcused><date Sync="TRUE">20070613</date><time Sync="TRUE">11062000</time></procstep></lineage></dataqual></metadata>
