<?xml version="1.0"?>
<!--<!DOCTYPE metadata SYSTEM "http://www.esri.com/metadata/esriprof80.dtd">-->
<metadata xml:lang="en"><Esri><CreaDate>20100315</CreaDate><CreaTime>16023600</CreaTime><SyncOnce>TRUE</SyncOnce><MetaID>{0FA0E5F2-7A01-4EFA-A164-727E6425762C}</MetaID></Esri><idinfo><citation><citeinfo><onlink Sync="TRUE"></onlink></citeinfo></citation></idinfo><distInfo><distributor><distorTran><onLineSrc><linkage Sync="TRUE">file://</linkage><protocol Sync="TRUE">Local Area Network</protocol></onLineSrc></distorTran></distributor></distInfo><dataqual><lineage><procstep><procdesc Sync="TRUE">Dataset copied.</procdesc><srcused Sync="TRUE">c:\falcone\junkcopydir\nhdplus15\re15line_cvr</srcused><date Sync="TRUE">20060808</date><time Sync="TRUE">11082900</time></procstep><procstep><procdesc Sync="TRUE">Dataset copied.</procdesc><srcused Sync="TRUE"></srcused><date Sync="TRUE">20100315</date><time Sync="TRUE">16023600</time></procstep></lineage></dataqual></metadata>
