<?xml version="1.0"?>
<!--<!DOCTYPE metadata SYSTEM "http://www.esri.com/metadata/esriprof80.dtd">-->
<metadata xml:lang="en"><Esri><CreaDate>20080920</CreaDate><CreaTime>15081500</CreaTime><SyncOnce>TRUE</SyncOnce><MetaID>{E79D5B04-9999-4C15-BE33-21B6DC36A832}</MetaID></Esri><idinfo><citation><citeinfo><onlink Sync="TRUE">\\IGSAAAHMWSW161\C$\falcone\hydrologic-alterations\mikew-basins-apr07\newhuc12\mn08025360</onlink></citeinfo></citation></idinfo><distInfo><distributor><distorTran><onLineSrc><linkage Sync="TRUE">file://\\IGSAAAHMWSW161\C$\falcone\hydrologic-alterations\mikew-basins-apr07\newhuc12\mn08025360</linkage><protocol Sync="TRUE">Local Area Network</protocol></onLineSrc></distorTran></distributor></distInfo><dataqual><lineage><procstep><procdesc Sync="TRUE">Dataset copied.</procdesc><srcused Sync="TRUE">c:\falcone\hydrologic-alterations\mikew-basins-apr07\savefornow-newhuc12\mn08025360</srcused><date Sync="TRUE">20080920</date><time Sync="TRUE">15081500</time></procstep></lineage></dataqual></metadata>
