<?xml version="1.0"?>
<!--<!DOCTYPE metadata SYSTEM "http://www.esri.com/metadata/esriprof80.dtd">-->
<metadata xml:lang="en"><Esri><CreaDate>20100203</CreaDate><CreaTime>14292700</CreaTime><SyncOnce>TRUE</SyncOnce><MetaID>{F362878D-3F1A-4DF6-9698-9ADC8F6E148C}</MetaID></Esri><idinfo><citation><citeinfo><onlink Sync="TRUE">\\IGSAAAHMWSW161\C$\falcone\hydro-alter\09update-to-gages\basins_1979\al\mn02423547</onlink></citeinfo></citation></idinfo><distInfo><distributor><distorTran><onLineSrc><linkage Sync="TRUE">file://\\IGSAAAHMWSW161\C$\falcone\hydro-alter\09update-to-gages\basins_1979\al\mn02423547</linkage><protocol Sync="TRUE">Local Area Network</protocol></onLineSrc></distorTran></distributor></distInfo><dataqual><lineage><procstep><procdesc Sync="TRUE">Dataset copied.</procdesc><srcused Sync="TRUE">d:\swancg\newproc\mobl\mn02423547</srcused><date Sync="TRUE">20100203</date><time Sync="TRUE">14292700</time></procstep></lineage></dataqual></metadata>
