<?xml version="1.0"?>
<!--<!DOCTYPE metadata SYSTEM "http://www.esri.com/metadata/esriprof80.dtd">-->
<metadata xml:lang="en"><Esri><CreaDate>20080919</CreaDate><CreaTime>09022700</CreaTime><SyncOnce>TRUE</SyncOnce><MetaID>{BFA092DF-5E64-4E17-9E42-BEE70E56D3C2}</MetaID></Esri><idinfo><citation><citeinfo><onlink Sync="TRUE">\\IGSAAAHMWSW161\C$\falcone\hydrologic-alterations\mikew-basins-apr07\newhuc03\mn02274500</onlink></citeinfo></citation></idinfo><distInfo><distributor><distorTran><onLineSrc><linkage Sync="TRUE">file://\\IGSAAAHMWSW161\C$\falcone\hydrologic-alterations\mikew-basins-apr07\newhuc03\mn02274500</linkage><protocol Sync="TRUE">Local Area Network</protocol></onLineSrc></distorTran></distributor></distInfo><dataqual><lineage><procstep><procdesc Sync="TRUE">Dataset copied.</procdesc><srcused Sync="TRUE">c:\falcone\hydrologic-alterations\mikew-basins-apr07\savefornow-newhuc03\mn02274500</srcused><date Sync="TRUE">20080919</date><time Sync="TRUE">09022700</time></procstep></lineage></dataqual></metadata>
