<?xml version="1.0"?>
<!--<!DOCTYPE metadata SYSTEM "http://www.esri.com/metadata/esriprof80.dtd">-->
<metadata xml:lang="en"><Esri><CreaDate>20101207</CreaDate><CreaTime>12110500</CreaTime><SyncOnce>TRUE</SyncOnce><MetaID>{B1B4B82E-69AA-4F02-879B-AFA8B04FF83B}</MetaID></Esri><dataqual><lineage><procstep><procdesc Sync="TRUE">Dataset copied.</procdesc><srcused Sync="TRUE">c:\falcone\hydro-alter\09update-to-gages\aa-corrected-mainstems-nov2010\mn06341800</srcused><procdate Sync="TRUE">20101207</procdate><proctime Sync="TRUE">12110500</proctime></procstep></lineage></dataqual></metadata>
