<?xml version="1.0"?>
<!--<!DOCTYPE metadata SYSTEM "http://www.esri.com/metadata/esriprof80.dtd">-->
<metadata xml:lang="en"><Esri><CreaDate>20100908</CreaDate><CreaTime>12284900</CreaTime><SyncOnce>TRUE</SyncOnce><MetaID>{2EBBEECC-A696-417A-B115-EA1EE2C1DC71}</MetaID></Esri><idinfo><citation><citeinfo><onlink Sync="TRUE"></onlink></citeinfo></citation></idinfo><distInfo><distributor><distorTran><onLineSrc><linkage Sync="TRUE">file://</linkage><protocol Sync="TRUE">Local Area Network</protocol></onLineSrc></distorTran></distributor></distInfo><dataqual><lineage><procstep><procdesc Sync="TRUE">Dataset copied.</procdesc><srcused Sync="TRUE">c:\falcone\hydrologic-alterations\nhdplus\nhdplus17\hydrography\reg17line_cvr</srcused><date Sync="TRUE">20060616</date><time Sync="TRUE">09431500</time></procstep><procstep><procdesc Sync="TRUE">Dataset copied.</procdesc><srcused Sync="TRUE">c:\falcone\hydrologic-alterations\nhdplus\nhdplus17\reg17process\reg17line_cvr</srcused><date Sync="TRUE">20060626</date><time Sync="TRUE">09052900</time></procstep><procstep><procdesc Sync="TRUE">Dataset copied.</procdesc><srcused Sync="TRUE"></srcused><date Sync="TRUE">20100908</date><time Sync="TRUE">12284900</time></procstep></lineage></dataqual></metadata>
